flat_pace,CP1,CP2,CP3,CP4,CP5,CP6
7.5,0:20:20.467416,1:01:13.333333,1:55:34.075578,2:47:39.277535,4:00:53.298980,4:22:50.930668
8,0:21:29.467416,1:04:49.333333,2:02:31.075578,2:57:57.277535,4:15:44.298980,4:39:14.930668
8.5,0:22:38.467416,1:08:25.333333,2:09:28.075578,3:08:15.277535,4:30:35.298980,4:55:38.930668
9,0:23:47.467416,1:12:01.333333,2:16:25.075578,3:18:33.277535,4:45:26.298980,5:12:02.930668
9.5,0:24:56.467416,1:15:37.333333,2:23:22.075578,3:28:51.277535,5:00:17.298980,5:28:26.930668
10,0:26:05.467416,1:19:13.333333,2:30:19.075578,3:39:09.277535,5:15:08.298980,5:44:50.930668
