flat_pace,CP1,CP2,CP3,CP4,CP5
8.5,1:07:56.184884,1:01:10.029357,0:58:54.489069,1:22:27.308557,0:25:10.918801
9,1:11:32.184884,1:04:31.029357,1:02:15.489069,1:27:00.308557,0:26:43.918801
9.5,1:15:08.184884,1:07:52.029357,1:05:36.489069,1:31:33.308557,0:28:16.918801
10,1:18:44.184884,1:11:13.029357,1:08:57.489069,1:36:06.308557,0:29:49.918801
10.5,1:22:20.184884,1:14:34.029357,1:12:18.489069,1:40:39.308557,0:31:22.918801
11,1:25:56.184884,1:17:55.029357,1:15:39.489069,1:45:12.308557,0:32:55.918801
